{"mae": 69666.93602448335, "rmse": 118120.0226790104, "r2": 0.52982827718276}